Term,Df,SumOfSqs,R2,F,p
Model,2,461.6145973900704,0.3598327418024387,67.16996549692533,0.001
Residual,239,821.2441971648543,0.6401672581975604,NA,NA
Total,241,1282.858794554926,1,NA,NA
