Df,Sum.Sq,Mean.Sq,F,N.Perm,Pr..F.
2,165.34830274522648,82.67415137261324,27.18778740558943,999,0.001
239,726.7646271940602,3.040856180728285,NA,NA,NA
